[
   {
      "from": "2022-02-01",
      "to": "2022-02-08",
      "room": 21,
      "bed": 1
   },
   {
      "from": "2022-02-02",
      "to": "2022-02-15",
      "room": 22,
      "bed": 2
   },
   {
      "from": "2022-02-15",
      "to": "2022-02-22",
      "room": 23,
      "bed": 1
   },
   {
      "from": "2022-02-22",
      "to": "2022-02-29",
      "room": 24,
      "bed": 1
   },
   {
      "from": "2022-02-29",
      "to": "2022-03-05",
      "room": 25,
      "bed": 3
   },
   {
      "from": "2022-03-05",
      "to": "2022-03-12",
      "room": 26,
      "bed": 3
   }
]
